{"cameraMode":{"drawMode":0,"name":"Shaded","section":"Shading Mode"},"sceneLighting":false,"audioPlay":false,"sceneViewState":{"showFog":false,"showMaterialUpdate":false,"showSkybox":false,"showFlares":false,"showImageEffects":false,"showParticleSystems":false},"in2DMode":false,"pivot":{"x":-13.420000076293946,"y":1.7599999904632569,"z":118.80000305175781},"rotation":{"x":0.15089771151542664,"y":-0.1937829554080963,"z":0.0301800724118948,"w":0.9689000248908997},"size":6.989105701446533,"orthographic":true}