{"cameraMode":{"drawMode":0,"name":"Shaded","section":"Shading Mode"},"sceneLighting":false,"audioPlay":false,"sceneViewState":{"showFog":false,"showMaterialUpdate":false,"showSkybox":false,"showFlares":false,"showImageEffects":false,"showParticleSystems":false},"in2DMode":false,"pivot":{"x":-18.157123565673829,"y":-9.966766357421875,"z":-7.371326446533203},"rotation":{"x":0.20687633752822877,"y":0.7705242037773132,"z":-0.3073104918003082,"w":0.5187050104141235},"size":60.40415954589844,"orthographic":false}