{"cameraMode":{"drawMode":0,"name":"Shaded","section":"Shading Mode"},"sceneLighting":false,"audioPlay":false,"sceneViewState":{"showFog":false,"showMaterialUpdate":false,"showSkybox":false,"showFlares":false,"showImageEffects":false,"showParticleSystems":false},"in2DMode":false,"pivot":{"x":-1.9294281005859376,"y":0.43512916564941409,"z":2.3806424140930177},"rotation":{"x":-0.10893364995718003,"y":0.8282290101051331,"z":-0.17290575802326203,"w":-0.5217986702919006},"size":10.0,"orthographic":false}