{"cameraMode":{"drawMode":0,"name":"Shaded","section":"Shading Mode"},"sceneLighting":false,"audioPlay":false,"sceneViewState":{"showFog":false,"showMaterialUpdate":false,"showSkybox":false,"showFlares":false,"showImageEffects":false,"showParticleSystems":false},"in2DMode":false,"pivot":{"x":-18.690629959106447,"y":11.88119888305664,"z":54.6500358581543},"rotation":{"x":-0.25896134972572329,"y":-0.1846313774585724,"z":0.05050273984670639,"w":-0.9467311501502991},"size":60.40415954589844,"orthographic":false}