{"cameraMode":{"drawMode":0,"name":"Shaded","section":"Shading Mode"},"sceneLighting":false,"audioPlay":false,"sceneViewState":{"showFog":false,"showMaterialUpdate":false,"showSkybox":false,"showFlares":false,"showImageEffects":false,"showParticleSystems":false},"in2DMode":false,"pivot":{"x":9.483016967773438,"y":1.3055557012557984,"z":2.07940673828125},"rotation":{"x":-0.3109021782875061,"y":-0.49642252922058108,"z":0.19626639783382417,"w":-0.786374032497406},"size":1.2634129524230958,"orthographic":false}