{"cameraMode":{"drawMode":0,"name":"Shaded","section":"Shading Mode"},"sceneLighting":false,"audioPlay":false,"sceneViewState":{"showFog":false,"showMaterialUpdate":false,"showSkybox":false,"showFlares":false,"showImageEffects":false,"showParticleSystems":false},"in2DMode":false,"pivot":{"x":-0.5708653926849365,"y":-0.8981525301933289,"z":1.6064571142196656},"rotation":{"x":-0.10193715244531632,"y":0.8658777475357056,"z":-0.1968117654323578,"w":-0.4484748840332031},"size":2.8578836917877199,"orthographic":false}