{"cameraMode":{"drawMode":0,"name":"Shaded","section":"Shading Mode"},"sceneLighting":false,"audioPlay":false,"sceneViewState":{"showFog":false,"showMaterialUpdate":false,"showSkybox":false,"showFlares":false,"showImageEffects":false,"showParticleSystems":false},"in2DMode":false,"pivot":{"x":-7.9876508712768559,"y":2.5299999713897707,"z":1.6485531330108643},"rotation":{"x":-0.15740430355072022,"y":0.8386018872261047,"z":-0.3214098811149597,"w":-0.4106903374195099},"size":79.95198822021485,"orthographic":false}